Order ID,Adobe value,midroll ,xml 
1000229185,12,Yes,No
1000229186,32,Yes,No
1000229231,65,Yes,No
1000229232,565,Yes,No
1000229202,98,Yes,No
1000229205,656,Yes,No
1000229187,89,Yes,No
1000229233,56,Yes,No
1000229188,56,Yes,No
1000229234,56,Yes,No
1000229181,56,Yes,No
1000229190,56,Yes,No
1000229180,56,Yes,No
1000229179,56,Yes,No
1000229178,56,Yes,No
1000229198,56,Yes,No
1000229194,56,Yes,No
1000229221,56,Yes,No
1000229217,56,Yes,No
1000229222,56,Yes,No
1000229204,56,Yes,No
1000229215,56,Yes,No
1000229196,56,Yes,No
1000229192,56,Yes,No
1000229216,56,Yes,No
1000229218,56,Yes,No
1000229219,56,Yes,No
1000229191,56,Yes,No
1000229235,56,Yes,No
1000229203,56,Yes,No
1000229189,56,Yes,No
1000229199,56,Yes,No
1000229236,56,Yes,No
1000229200,56,Yes,No
1000229182,56,Yes,No
